web-scraper-order,web-scraper-start-url,fakenews,fakenews-href,news,content,pages,pages-href
"1691836380-1","https://www.jachai.org/fact-checks","","https://www.jachai.org/fact-checks/post-294","আহসান হাবীবকে কি আসলেই হত্যার হুমকি দেওয়া হয়েছে?","বিডিলাইভ২৪ নামক একটি নিউজ পোর্টাল আহসান হাবিবের ছবি ও পরিচয় ব্যবহার করে “আহসান হাবীবকে হত্যার হুমকি” শিরনামে একটি সংবাদ পরিবেশন করা হয়। মূল ঘটনাটি আহসান কবিরকে নিয়ে ঘটেছে।","৯","https://www.jachai.org/fact-checks/page/9"
"1691836387-2","https://www.jachai.org/fact-checks","","https://www.jachai.org/fact-checks/post-1914","ইলেক্ট্রোলাইসিস করে বিষাক্ত মিনারেল পানি পরীক্ষণ?","নভেম্বর ৮ তারিখের দিকে প্রকাশিত একটি ইউটিউব ভিডিওতে দেখা যায়, বাংলাদেশের জনপ্রিয় ড্রিংকিং মিনারেল ওয়াটার, মাম পানির বিশুদ্ধতা পরীক্ষা করছেন একজন ব্যক্তি। সেখানে দেখা যায় যে একটি যন্ত্রের মাথা দুইটি প্লাস্টিক গ্লাসের মাঝে কিছুক্ষণ ডুবিয়ে রাখা হলে গ্লাসে থাকা মাম বোতলের স্বচ্ছ পানি কিছুক্ষণের মধ্যে অন্ধকার হয়ে যায় এবং মাটি রঙের সরের মত একটি স্তর পানির উপরে পড়ে যায়। ভিডিওটির পরীক্ষকের মতে এই স্তরটি পানিতে থাকা ময়লা বা জীবাণু নির্দেশ করে।","৩","https://www.jachai.org/fact-checks/page/3"
"1691836389-3","https://www.jachai.org/fact-checks","","https://www.jachai.org/fact-checks/post-1984","সোফিয়া: উন্নত কৃত্রিম বুদ্ধিমত্তাসম্পন্ন রোবট মানবী?","এই বছর অক্টোবর ২৫ তারিখে যে রোবটটি বিশ্বের প্রায় সকল প্রধান গণমাধ্যমের শিরোনামের বিষয়বস্তু হয়েছে তার নাম হচ্ছে সোফিয়া। সেদিন সৌদি আরব সোফিয়াকে দেশটির নাগরিকত্ব প্রদান করে কোন দেশের নাগরিকত্ব পাওয়া প্রথম রোবট হিসেবে আলোচনায় নিয়ে আসে। [1]","৩","https://www.jachai.org/fact-checks/page/3"
"1691836392-4","https://www.jachai.org/fact-checks","","https://www.jachai.org/fact-checks/post-2005","আয়রন ট্যাবলেটে থাকা ‘চুম্বক দ্বারা আকৃষ্ট’ হওয়া লোহা কি ক্ষতিকর?","জুলাই ১৫, ২০১৭ তারিখে অরক্ষিত ‘অরক্ষিত স্বাধীনতার দীর্ঘশ্বাস’ নামক একটি ফেসবুক পেইজের ভিডিওতে বলা হয়―","৩","https://www.jachai.org/fact-checks/page/3"
"1691836395-5","https://www.jachai.org/fact-checks","","https://www.jachai.org/fact-checks/post-2038","২০৩৬ সালে পৃথিবীর সাথে গ্রহাণুর সংঘর্ষে ধ্বংস হয়ে যেতে পারে মানব সভ্যতা?","এই গুজবটির সূত্রপাত হয় অক্টোবর মাসে প্রচারিত “নভেম্বর ১৯ তারিখ পৃথিবী ধ্বংস হয়ে যাবে” – এমন একটি গুজব থেকে। Nibiru Cataclysm বিশ্বাসীদের মতে প্ল্যানেট এক্স (Planet X) বা নিবরু (Nibru) নামক একটি গ্রহের সাথে সংঘর্ষে পৃথিবীর শেষদিন (Doomsday) ঘটবে এবং মানব সভ্যতার চির পরিসমাপ্তি ঘটবে। পূর্বে সেপ্টেম্বর মাসের কথা উল্লেখের পর, “নভেম্বর ১৯ তারিখে ‘নিবরু’ পৃথিবীতে আঘাত হানবে” তারা এমন খবর ছড়ালে অনেক তথাকথিত সংবাদ মাধ্যম সেটিকে নিয়ে সংবাদ তৈরি করে এবং এই সুযোগটি কাজে লাগিয়ে ইউটিউবেও তৈরি করা হয় একাধিক ভিডিও। অতীতেও এই ষড়যন্ত্র-তাত্ত্বিকরা এই ধরণের একাধিক ভবিষৎবাণী প্রদান করলেও নিবরু নামক এই গ্রহের কোন অস্তিত্ব কখনো পাওয়া যায় নি।","৩","https://www.jachai.org/fact-checks/page/3"
"1691836399-6","https://www.jachai.org/fact-checks","","https://www.jachai.org/fact-checks/post-2060","গবেষণায় বিশ্বের তৃতীয় সৎ প্রধানমন্ত্রী হিসেবে শেখ হাসিনা নির্বাচিত?","নভেম্বর ২০, ২০১৭ তারিখে বাংলা ইনসাইডার নামক নিউজ পোর্টালে “শেখ হাসিনা বিশ্বের ৩য় সৎ সরকার প্রধান” শিরোনামে একটি সংবাদ প্রকাশ করে। যেখানে বলা হয় ‘পিপলস অ্যান্ড পলিটিক্স’ নামক বিশ্ব রাজনীতি নিয়ে গবেষণা প্রতিষ্ঠান ১৭৩টি দেশের রাষ্ট্র ও সরকার প্রধানের কর্মকাণ্ড বিশ্লেষণ করে মাত্র ১৭ জন সরকার ও রাষ্ট্রপ্রধান পেয়েছেন যাঁরা শতকরা ৫০ ভাগ দুর্নীতিমুক্ত হিসেবে উত্তীর্ণ হয়েছেন। ৫ টি প্রশ্নে মোট ১০০ নম্বরের মধ্যে ৮৭ নম্বর পেয়ে এই তালিকায় তৃতীয় স্থানে অধিকার করেছে বাংলাদেশের প্রধানমন্ত্রী শেখ হাসিনা। বাংলা ইনসাইডারে প্রকাশিত সংবাদটি প্রায় দেড় লক্ষ বারের কাছাকাছি শেয়ার, লাইক ও কমেন্ট পায়।","৩","https://www.jachai.org/fact-checks/page/3"
"1691836402-7","https://www.jachai.org/fact-checks","","https://www.jachai.org/fact-checks/post-2114","পাকিস্তানের অফিসিয়াল ভাষা কি মান্দারিন করা হয়েছে?","পাকিস্তান ভিত্তিক উর্দু নিউজ চ্যানেল ‘আব তাক’ (Abbtakk) সর্বপ্রথম এই ধরনের একটি খবর ব্রেকিং নিউজ হিসেবে প্রচার করে। যাতে বলা হয়, ‘চাইনিজ ভাষা পাকিস্তানের দাপ্তরিক ভাষা হিসেবে ঘোষণা করা হয়েছে। পাকিস্তানের পার্লামেন্টের উচ্চকক্ষ সিনেটে এটি গৃহীত হয়েছে।’ পরবর্তীতে খবরটি ইন্ডিয়া টুডে, ফিনেন্সিয়াল এক্সপ্রেস সহ ভারতের প্রধান কয়েকটি মিডিয়া ফলাওভাবে প্রচার করলে এই গুজবটি আরো বিশ্বাসযোগ্যভাবে ছড়িয়ে পড়ে।","৩","https://www.jachai.org/fact-checks/page/3"
"1691836405-8","https://www.jachai.org/fact-checks","","https://www.jachai.org/fact-checks/post-2168","ড. ইউনূস কি প্রথম নন-ব্রিটিশ হিসেবে কোন ব্রিটিশ ইউনিভার্সিটির চ্যান্সেলর পদে নিযুক্ত হয়েছেন?","গ্রামীণ ব্যাংকের প্রতিষ্ঠাতা ও প্রথম বাংলাদেশী নোবেল পুরস্কার বিজয়ী ড. মুহাম্মদ ইউনূস ২০১২ সালের অক্টোবরে গ্লাসগো ক্যালেডনিয়ান ইউনিভার্সিটি (Glasgow Caledonian University) -এর চ্যান্সেলর হিসেবে অভিষিক্ত হোন। তিনি বিশ্ববিদ্যালয়টির পূর্বের চ্যান্সেলর লর্ড ম্যাকডোনাল্ড অফ ট্রেডেস্টন এর পদানুবর্তী হোন।","৩","https://www.jachai.org/fact-checks/page/3"
"1691836410-9","https://www.jachai.org/fact-checks","","https://www.jachai.org/fact-checks/post-2191","ক্যাডবেরি চকলেটে ‘এইচআইভি’ মেশানো হয়েছে?","বিভিন্ন খাদ্যদ্রব্যে এইচআইভি বা এইড দ্বারা আক্রান্ত করার গুজব প্রচার হচ্ছে বেশ অনেকদিন ধরেই। পূর্বে ভারতে জনৈক শ্রমিকের পেপসির সাথে এইচআইভি আক্রান্ত রক্ত মিশানোর গুজব বেশ ভাইরাল হয়। এছাড়াও আমেরিকার ওয়ালমার্টে কলার সাথে এইচআইভি মেশানোর গল্প নিয়ে কিছু বাংলাদেশী নিউজপোর্টাল সংবাদও প্রচার করে। ‘এইচআইভি’ মেশানোর এই গুজবগুলোর সম্প্রতি সংস্করণ হচ্ছে ক্যাডবেরি চকলেট সংক্রান্ত।","৩","https://www.jachai.org/fact-checks/page/3"
"1691836415-10","https://www.jachai.org/fact-checks","","https://www.jachai.org/fact-checks/post-2221","ক্যান্সার রোগের কারণ হিসেবে Snickers চকলেট ‘নিষিদ্ধ’ করা হয়েছে?","মো ইসমাইল নামক জনৈক ফেসবুক ইউজার এমন দাবী করে একটি পোস্ট করলে তা ভাইরাল হয়ে যায় নিমিষেই। পোস্টটিতে ‘ইউরো নিউজ’ নামক একটি সংবাদ মাধ্যমের একটি ভিডিও রিপোর্টও সংযুক্ত করা হয়। এই গুজবটি ভারতের সোশ্যাল মিডিয়াতে গত কিছুদিন যাবত প্রচারিত হচ্ছে। ধারণা করা যায়, মো ইসমাইল কেবল সেই গুজবটি নিজের প্রোফাইল থেকে পুনরায় আপলোড দিয়েছে মাত্র।","৩","https://www.jachai.org/fact-checks/page/3"
"1691836420-11","https://www.jachai.org/fact-checks","","https://www.jachai.org/fact-checks/post-2234","ভারতের মুখ্যমন্ত্রীর অপেক্ষায় বাংলাদেশের রাষ্ট্রপতি?","বাংলাদেশের রাষ্ট্রপতি আব্দুল হামিদ ‘ইন্টারন্যাশনাল সোলার এলায়েন্স সামিট’-এ অংশগ্রহণের লক্ষ্যে সম্প্রতি ৪ দিনের সরকারী সফরে ভারতে যান। এই সফরের অংশ হিসেবে, গত বৃহস্পতিবার, মার্চ ৮ তারিখে, তিনি আসাম রাজ্যে পৌঁছান এবং ‘ভিভান্তা বাই তাজ’ ফাইভ স্টার হোটেলে উঠেন। সেখানে তিনি পৃথকভাবে আসামের মুখ্যমন্ত্রী সারবানান্দা সানোয়াল ও গভর্নর জগদীশ মুখীর সাথে সৌজন্যমূলক সাক্ষাত করেন।[1]","৩","https://www.jachai.org/fact-checks/page/3"
"1691836425-12","https://www.jachai.org/fact-checks","","https://www.jachai.org/fact-checks/post-1107","ক্যান্সার কোন রোগ না, শুধুমাত্র ভিটামিন ‘B17’ এর ঘাটতি?","ক্যান্সারের ‘প্রাকৃতিক’ চিকিৎসা নিয়ে রয়েছে নানান বিতর্ক। এমনই একটি আলোচনা হচ্ছে ভিটামিন ‘বি১৭’ কেন্দ্রিক, যা আমিগড্যালিন(Amygdalin) বা লেইট্রিল (laetrile) নামেও পরিচিত। ক্যান্সারের এই প্রতিষেধকের দাবী অনেক বছর পুরনো হলেও, ইন্টারনেটের বদৌলতে ২০১৬ সালের দিকে এই দাবী ব্যাপক হারে ভাইরাল হয়। যা সাম্প্রতিক সময় জয় করেছে বাংলাদেশের ইন্টারনেট। বরাবরের মতই, কালের কণ্ঠের মত পত্রিকাগুলো, কোনরূপ যাচাই-বাছাই ছাড়া, বিদেশী আর্টিকেলের বঙ্গানুবাদ করে এই বিষয়ক খবর প্রকাশ করে এবং আগুন দেয় এই গুজবে।","৩","https://www.jachai.org/fact-checks/page/3"
"1691836429-13","https://www.jachai.org/fact-checks","","https://www.jachai.org/fact-checks/post-2290","২২ মার্চ সারাদেশের গুরুত্বপূর্ণ শহরে কোন প্রকার ব্যাগ বহন করা যাবে না?","প্রথমবারের মত ২০১৮ সালের জাতিসংঘের রিভিউতে ‘স্বল্পোন্নত’ দেশের মর্যাদা হতে ‘উন্নয়নশীল’ দেশের মর্যাদা লাভের নির্ণায়কগুলো বাংলাদেশ পূরণ করতে সক্ষম হয়। ২০ মার্চের এক প্রেস ব্রিফিং এ স্বরাষ্ট্রমন্ত্রী আসাদুজ্জামান খান কামাল ঘোষণা দেন, ২২ মার্চ এই উপলক্ষে সারা দেশব্যাপী সরকারীভাবে বিভিন্ন অনুষ্ঠানের আয়োজন করা হবে। এরমধ্যে বঙ্গবন্ধু আন্তর্জাতিক সম্মেলন কেন্দ্রে প্রধানমন্ত্রী শেখ হাসিনাকে আনুষ্ঠানিকভাবে সংবর্ধনা প্রদান করা হবে।","৩","https://www.jachai.org/fact-checks/page/3"
"1691836437-14","https://www.jachai.org/fact-checks","","https://www.jachai.org/fact-checks/post-2310","শেখ হাসিনা বিশ্বের দ্বিতীয় সেরা প্রধানমন্ত্রী নির্বাচিত?","১৬ মার্চ ২০১৮ তারিখ ekattornews24.com নামক একটি নিউজ পোর্টাল “বিশ্বের দ্বিতীয় সেরা প্রধানমন্ত্রী শেখ হাসিনা” শিরোনামে একটি সংবাদ প্রকাশ করে। প্রায় একই সাথে newsbangla21.com.bd নামক আরেকটি নিউজ পোর্টাল “দ্য স্টাটিসটিক্স ইন্টারন্যাশনাল জরিপে শেখ হাসিনাকে নিয়ে বেরিয়ে এলো নতুন তথ্য” শিরোনামে নিউজ করে। নিউজ দুটি হুবহু একই রকম। এগুলোতে বলা হয়-","২","https://www.jachai.org/fact-checks/page/2"
"1691836441-15","https://www.jachai.org/fact-checks","","https://www.jachai.org/fact-checks/post-2319","বাংলাদেশ কি ‘স্বল্পোন্নত’ দেশ হতে ‘উন্নয়নশীল’ দেশে উত্তরণ করেছে?","জাতিসংঘের ‘স্বল্পোন্নত দেশ’ (Least Developed Country বা LDC) বিভাগীকরণের মাধ্যমে সেসকল দেশকে সনাক্ত করা হয়, যারা অর্থনৈতিক উন্নয়নের দিক থেকে তুলনামূলকভাবে অনগ্রসর। এই তালিকায় অন্তর্ভুক্ত দেশসমূহকে জাতিসংঘসহ অন্যান্য দাতা সংস্থাগুলো বিভিন্নভাবে সহযোগিতা প্রদান করে থাকে; যেমন, কম সুদে ঋণ প্রদান, আন্তর্জাতিক বাজারে অগ্রাধিকার দেওয়া, ঋণ পরিশোধের শর্তসমূহ নমনীয় রাখা ইত্যাদি। এসব সহযোগিতার মাধ্যমে এসকল অনগ্রসর দেশগুলোর অর্থনৈতিক উন্নয়ন ত্বরান্বিত করার সুযোগ সৃষ্টি করা হয়।","২","https://www.jachai.org/fact-checks/page/2"
"1691836447-16","https://www.jachai.org/fact-checks","","https://www.jachai.org/fact-checks/post-2341","ফেসবুকে BFF টাইপ করে কি একাউন্টের নিরাপত্তা নির্ণয় করা যায়?","গত কিছুদিন ধরে ফেসবুকে ইংরেজিতে এমন একটি ম্যাসেজ ভাইরাল হয় যার বাংলা অনুবাদ করলে দাঁড়ায়―","২","https://www.jachai.org/fact-checks/page/2"
"1691836452-17","https://www.jachai.org/fact-checks","","https://www.jachai.org/fact-checks/post-2353","শেখ হাসিনাকে সেরা স্বৈরশাসকের তালিকায় নির্বাচিত করা হয়েছে?","‘দি টপটেনস’ নামক একটি জরিপভিত্তিক ওয়েবসাইটে জনৈক ব্যবহারকারী বিশ্বের কিছু ঐতিহাসিক রাজনৈতিক ব্যক্তিত্বের নাম উল্লেখ করে একটি অনলাইন জরিপ শুরু করে। জরিপটির শিরোনাম দেওয়া হয় “Top 10 Worst Dictators In History” (বাংলা: ইতিহাসের প্রথম ১০ নিকৃষ্ট স্বৈরশাসক)। প্রায় ৮ বছর আগে তৈরি করা এই জরিপে, সময় সময় বিভিন্ন ব্যবহারকারী নিজেদের ইচ্ছেমত ব্যক্তির নাম উল্লেখ করার ফলে এর তালিকায় যোগ হয় মোট ২১৭ জন রাজনৈতিক ব্যক্তির নাম। যেখানে বর্তমানে প্রথম ১০ জনের তালিকায় বাংলাদেশের শেখা হাসিনা বর্তমানে শীর্ষে। তার পরে যথাক্রমে রয়েছে, এডলফ হিটলার (জার্মানি), জোসেফ স্ট্যালিন (ইউএসএসআর), মাও জ্যাডং (চীন), কিম জং ইল (উত্তর কোরিয়া) প্রমুখ।","২","https://www.jachai.org/fact-checks/page/2"
"1691836456-18","https://www.jachai.org/fact-checks","","https://www.jachai.org/fact-checks/post-2367","৫৭টি মুসলিম দেশকে নিয়ে ‘ইসলামি সেনাবাহিনী’ গঠন করার সিদ্ধান্ত নিয়েছে এরদোগান?","২০১৭ সালের ডিসেম্বরে ‘অর্গানাইজেশন অব ইসলামিক কোঅপারেশন’ (ওআইসি) একটি বিশেষ সম্মেলনের ডাক দেয়। সেই মাসেই যুক্তরাষ্ট্রের প্রেসিডেন্ট ডোনাল্ড ট্রাম্পের বক্তব্যের মাধ্যমে জেরুজালেমকে ইজরাইলের রাজধানী হিসেবে যুক্তরাষ্ট্র স্বীকৃতিদান করে। এই স্বীকৃতিদানকে কেন্দ্র করে ডিসেম্বরের ১৩ তারিখে তুরস্কে ওআইসি’র এই বিশেষ সম্মেলনের ডাক দেওয়া হয়।","২","https://www.jachai.org/fact-checks/page/2"
"1691836460-19","https://www.jachai.org/fact-checks","","https://www.jachai.org/fact-checks/post-2385","ফেসবুক বন্ধ করে দেওয়ার সিদ্ধান্ত নিয়েছে মার্ক জাকারবার্গ?","Video Of The Internet নামক একটি একটি ফেসবুক পেইজ এপ্রিল ১ তারিখে ‘A World Without Facebook’ শিরোনামে একটি ভিডিও প্রকাশ করে। ভিডিওটিতে দেখা যায়, ফেসবুকের প্রতিষ্ঠাতা, মার্ক জাকারবার্গ, সামাজিক বিভিন্ন নেতিবাচক প্রভাব বিবেচনা করে ফেসবুক বন্ধ করে দেওয়ার ঘোষণা দিচ্ছে।","২","https://www.jachai.org/fact-checks/page/2"
"1691836465-20","https://www.jachai.org/fact-checks","","https://www.jachai.org/fact-checks/post-2417","বাংলাদেশ কি ভারতের চতুর্থ সর্ববৃহৎ রেমিটেন্সের উৎস?","‘ডেইলি ইন্ডাস্ট্রি’ নামক একটি বাংলাদেশ ভিত্তিক পত্রিকা গত ২ জুলাই, “Bangladesh becomes 4th largest remittance source for India” শিরোনামে একটি রিপোর্ট প্রকাশ করে। রিপোর্টটিতে দাবি করা হয়, ২০১৭ সালে বাংলাদেশ থেকে সর্বমোট ১০ বিলিয়ন ইউএস ডলার ভারতে পাঠানো হয়েছে। সংযুক্ত একটি চার্টের তালিকায় ১ম স্থানে রয়েছে সংযুক্ত আরব আমিরাত, ২য় স্থানে রয়েছে মার্কিন যুক্তরাষ্ট্র, ৩য় স্থানে রয়েছে সৌদি আরব, ৪র্থ স্থানে রয়েছে বাংলাদেশ এবং ৫ম, ৬ষ্ঠ ও ৭ম স্থানে রয়েছে যথাক্রমে, কুয়েত, কাতার ও যুক্তরাজ্য। এছাড়াও রিপোর্টটিতে দাবী করা হয় প্রায় ১০ লাখ ভারতীয় নাগরিক বর্তমানে বাংলাদেশে কর্মরত আছে।","২","https://www.jachai.org/fact-checks/page/2"
"1691836469-21","https://www.jachai.org/fact-checks","","https://www.jachai.org/fact-checks/post-2441","জিগাতলায় ছাত্রছাত্রীদের উপর সন্ত্রাসী হামলার কিছু বিভ্রান্তিকর ছবি","","২","https://www.jachai.org/fact-checks/page/2"
"1691836474-22","https://www.jachai.org/fact-checks","","https://www.jachai.org/fact-checks/post-2464","ছবিটি কি জিগাতলায় ছাত্রছাত্রীদের উপর সংঘটিত সন্ত্রাসী হামলার?","দৈনিক জনকণ্ঠ আগস্ট ৬ তারিখে এই ছবিটি তাদের প্রথম পৃষ্ঠায় প্রকাশ করে, আগস্ট ৪ তারিখে ধানমন্ডির জিগাতলায় ‘নিরাপদ সড়ক চাই’ আন্দোলনের সাধারণ স্কুল-কলেজর ছাত্রছাত্রীর উপর সংগঠিত হামলার ছবি হিসেবে। যার বিবরণে লেখা হয়―","২","https://www.jachai.org/fact-checks/page/2"
"1691836479-23","https://www.jachai.org/fact-checks","","https://www.jachai.org/fact-checks/post-2492","আইআরআই জরিপে ২০১৮ সালে কি শেখ হাসিনার জনপ্রিয়তা উল্লেখযোগ্য হারে ‘বৃদ্ধি’ পেয়েছে?","সম্প্রতি বাংলাদেশ সংবাদ সংস্থা (বাসস) এর বরাত দিয়ে প্রথম আলো, ডেইলি স্টার, বাংলা ট্রিবিউন সহ বাংলাদেশের প্রধান সকল গণমাধ্যম, যুক্তরাষ্ট্র ভিত্তিক গবেষণা সংস্থা ‘ইন্টারন্যাশনাল রিপাবলিকান ইন্সটিটিউট’ (আইআরআই)-এর ২০১৮ সালের আগস্ট মাসের একটি জনমত জরিপ সম্পর্কিত প্রতিবেদন প্রকাশ করে। প্রতিবেদনে বলা হয়, প্রধানমন্ত্রী শেখ হাসিনার প্রতি বাংলাদেশের সাধারণ জনগণের সমর্থন উল্লেখযোগ্য হারে বৃদ্ধি পেয়েছে।","২","https://www.jachai.org/fact-checks/page/2"
"1691836483-24","https://www.jachai.org/fact-checks","","https://www.jachai.org/fact-checks/post-2520","ভেঙ্গে পড়েছে আকাশবীণার দরজা?","‘এভিয়েশন নিউজ’ নামক একটি নিউজ পোর্টাল সেপ্টেম্বর ১১ তারিখ রাতে ‘দরজা ভেঙ্গে গেছে ড্রিমলাইনার আকাশবীণার’ শিরোনামে একটি সংবাদ প্রকাশ করে। পরবর্তীতে ‘ঢাকা ট্রিবিউন’ তাদের ওয়েবসাইটে সেটি পুনপ্রকাশ করলে, সংবাদটি ভাইরাল হয়ে যায়। পরবর্তীতে ‘দি ইন্ডিপেনডেন্ট’ সহ আরও কিছু পত্রিকা রিপোর্টটি হুবহু রেখে ইংরেজিতে পুনপ্রকাশ করে।","২","https://www.jachai.org/fact-checks/page/2"
"1691836488-25","https://www.jachai.org/fact-checks","","https://www.jachai.org/fact-checks/post-2581","করোনাভাইরাস সম্পর্কিত এই ‘বিশেষ হেলথ বুলেটিন’-এর তথ্য কতটা সঠিক?","গত জানুয়ারি থেকে ‘ডাব্লিও এইছ ও’, ‘অনির্দিষ্ট’ কোন এক ‘মিনিস্ট্রি অব হেলথ’ সহ বিভিন্ন স্বাস্থ্য সংস্থার বরাত দিয়ে সারা বিশ্বব্যাপী তথাকথিত একটি ‘হেলথ বুলেটিন’ সোশ্যাল মিডিয়ায় প্রচার করা হয়। কোথাও টেক্সট পোস্ট, কোথাওবা একটি চিঠির ছবি হিসেবে এই ‘হেলথ বুলেটিন’ প্রচার করা হয়। সম্প্রতি বাংলায়ও এই ‘বুলিটিন’ অনুবাদ করে প্রচার করা হয়। এসবের কোনটিই কোন গণস্বাস্থ্য কর্তৃপক্ষের প্রদানকৃত বিবৃতি নয়।","২","https://www.jachai.org/fact-checks/page/2"
"1691836492-26","https://www.jachai.org/fact-checks","","https://www.jachai.org/fact-checks/post-2606","ইথানলের ভাপ নিয়ে করোনাভাইরাসের চিকিৎসা করা যায়?","এপ্রিলের ৮ তারিখে এনটিভি-তে প্রচারিত একটি প্রতিবেদনে জনৈক গবেষক দাবী করেন যে ইথানলের কুসুম গরম মিশ্রনে কুলকুচি করলে, ইথানল বাষ্প গলায় পৌঁছার মাধ্যমে করোনাভাইরাস মারা যায় এবং এইভাবে আক্রান্ত রোগীর চিকিৎসা করা যেতে পারে। প্রতিবেদনটির মাধ্যমে বাংলাদেশের প্রশাসনকেও করোনাভাইরাস আক্রান্ত রোগীদের ক্ষেত্রে এই পদ্ধতি অনুসরণ করার আহ্বান জানানো হয়।","",""
"1691836498-27","https://www.jachai.org/fact-checks","","https://www.jachai.org/fact-checks/post-2635","ভিডিওটি কি আইনমন্ত্রী আনিসুল হকের মায়ের জানাজার?","গত এপ্রিল ১৮ তারিখ, শনিবার, আইনমন্ত্রী আনিসুল হকের মা, মুক্তিযোদ্ধা জাহানারা হক মৃত্যুবরণ করেন। তিনি বাংলাদেশের অন্যতম সংবিধান প্রণেতা প্রয়াত অ্যাডভোকেট সিরাজুল হকের স্ত্রী। সংবাদ থেকে জানা যায় যে বনানীর ১১ নম্বর রোডের পাশে পানি উন্নয়ন বোর্ডের জামে মসজিদ প্রাঙ্গণে পারিবারিকভাবে ও সীমিত পরিসরে তার নামাজে জানাজা অনুষ্ঠিত হয়। এরপর তাকে বনানী কবরস্থানে দাফন করা হয়।","",""
"1691836504-28","https://www.jachai.org/fact-checks","","https://www.jachai.org/fact-checks/post-2670","সময় টিভিতে উল্লেখিত এসব কি ইজরাইলি কোম্পানি?","সম্প্রতি কাতার ভিত্তিক টিভি চ্যানেল আল জাজিরা “All the Prime Minister’s Men” শীর্ষক একটি প্রতিবেদন সম্প্রচার করে। প্রতিবেদনটিতে বাংলাদেশের উচ্চপদস্থ সামরিক কর্মকর্তাগণের দ্বারা দুর্নীতি ও ক্ষমতার অপব্যবহারের দাবী তুলে ধরা হয়। এমন দাবীর প্রমাণস্বরূপ বাংলাদেশ সেনাবাহিনী কর্তৃক ইসরায়েল থেকে ইন্টারনেট ও মোবাইল মনিটরিং সরঞ্জামাদি ক্রয় করা হয়েছে এমন একটি তথ্য উপস্থাপন করা হয়। প্রতিবেদনটিতে বলা হয়, যেখানে ইজরাইলের সাথে বাংলাদেশের সাথে কূটনৈতিক সম্পর্কই নেই, সেখানে রাজনৈতিক প্রতিপক্ষকে ‘নজরদারির’ জন্য দুর্নীতি করে দেশটির একটি কোম্পানি হতে মনিটরিং সরঞ্জামাদি ক্রয় করা হয়েছে। এই দাবীর বিপরীতে সেনাসদর দপ্তর একটি প্রতিবাদলিপি প্রকাশ করে।","",""
"1691836508-29","https://www.jachai.org/fact-checks","","https://www.jachai.org/fact-checks/post-2875","ব্রাজিলে আযান দেওয়া নিষিদ্ধ ও আর্জেন্টিনায় ‘আল্লাহু আকবার’ বললে গ্রেফতার?","এই গুজবের প্রচলন হয় ২০১৪ সালের জুন মাসে সেই বছরের ফিফা ওয়ার্ল্ড কাপের ঠিক প্রারম্ভে। প্রশ্ন-উত্তরের ছলে ফেসবুকের বিভিন্ন পোস্টে বলা হয়—","",""
"1691836512-30","https://www.jachai.org/fact-checks","","https://www.jachai.org/fact-checks/post-3054","ইসলামিক পদ্ধতিতে জবাইতে পশু ব্যথা অনুভব করে না — এই ভাইরাল পোস্টের সত্যতা কতটুকু?","২০১৯ সালের আগস্ট ১১ তারিখে ঈদুল আযহার প্রারম্ভে জনৈক ইয়াসিন আলাউদ্দিন তার ব্যক্তিগত টাইমলাইনে “ইসলামিক পদ্ধতিতে জবাইতে পশু ব্যথা অনুভব করে না” এমন দাবী সম্বলিত একটি পোস্ট আপলোড দিলে তা ভাইরাল হয়ে পড়ে।","",""
"1691836517-31","https://www.jachai.org/fact-checks","","https://www.jachai.org/fact-checks/post-3096","ড. জাহাঙ্গীর কবিরের প্রদত্ত ‘ভ্যাকসিন সংক্রান্ত’ এই তথ্যগুলো কতটুকু সঠিক?","সোশ্যাল মিডিয়ায় ডায়েট ও স্বাস্থ্যকর লাইফস্টাইল পরামর্শের জন্য জনপ্রিয় ডাক্তার ড. জাহাঙ্গীর কবির জুন ১৫, ২০২১ তারিখে ‘রোগ প্রতিরোধ ক্ষমতা বাড়ানো ছাড়া আমাদের আর কোন উপায় নেই‘ শীর্ষক একটি ভিডিও প্রকাশ করেন ফেসবুক ও ইউটিউবে। প্রায় দুইঘন্টার আলোচিত এই ভিডিওর শেষাংশে ড. জাহাঙ্গীর কবির আলোচনার প্রাসঙ্গিকতায় কোভিড-১৯ ভ্যাকসিন সংক্রান্ত বিভিন্ন তথ্য ও ব্যাখ্যা প্রদান করেন।","",""
"1691836524-32","https://www.jachai.org/fact-checks","","https://www.jachai.org/fact-checks/post-3620","কাবুল দখলের পর তালেবানদের উল্লাস নাচ?","আফগানিস্তান থেকে সেনা প্রত্যাহারের ধারাবাহিকতায়, বিগত কয়েক মাস ধরে যুক্তরাষ্ট্র নেতৃত্বাধীন সেনাবাহিনী আফগানিস্তানের বিভিন্ন অঞ্চল থেকে সরিয়ে আনা হয়। এর ফলে তালেবান শাসনের অবসানের প্রায় দুই দশক পর, আফগানিস্তান সরকার নিয়ন্ত্রণ হারিয়ে, দেশটিকে পুনরায় তালেবান শাসনের অধীনে ফিরে যাওয়ার সুযোগ করে দেয়। এই বছর আগস্ট মাসে দেশটির ৩৪টি প্রাদেশিক রাজধানীর মধ্যে ২৬টির নিয়ন্ত্রণ তালেবানদের অধীনে চলে যায়।","",""
"1691836528-33","https://www.jachai.org/fact-checks","","https://www.jachai.org/fact-checks/post-3454","ক্লাব পরিবর্তন করে পিএসজিতে যাচ্ছেন ক্রিস্টিয়ানো রোনালদো?","আগস্ট ১২ তারিখে একাধিক ফেসবুক পেইজ ও কিছু তথাকথিত নিউজ পোর্টালে প্রচার করা হয় যে পর্তুগিজ ফুটবল প্লেয়ার ক্রিস্টিয়ানো রোনালদো তার বর্তমান ইতালী ভিত্তিক ‘ইয়ুভেন্তুস ফুটবল ক্লাব’ থেকে অব্যাহতি নিয়ে ফ্রান্স ভিত্তিক ‘পারি সাঁ-জেরমাঁ ফুটবল ক্লাব’ (পিএসজি)-তে যোগদান দিচ্ছেন।","",""
"1691836534-34","https://www.jachai.org/fact-checks","","https://www.jachai.org/fact-checks/post-3487","সিলেটে পুলিশ কর্মকর্তার বাড়ি থেকে পুঁতে রাখা ১০ তরুণীর লাশ উদ্ধার?","আগস্ট ২১ তারিখে একাধিক বেনামী নিউজপোর্টাল থেকে “পুলিশ কর্মকর্তার বাড়ি থেকে পুঁতে রাখা ১০ তরুণীর লাশ উদ্ধার!” শিরোনামে সংবাদ প্রকাশ করা হয়। সংবাদের ছবিতে দেখা যায় বাংলাদেশ পুলিশের ইউনিফর্ম পরিহিত কিছু পুলিশ মাথায় হেলমেট পরিহিত একজন ব্যক্তিকে ধরে নিয়ে যাচ্ছে। ইনসেটে একজন পুলিশ কর্মকর্তার ছবি সংযুক্ত করা হয়।","",""
"1691836537-35","https://www.jachai.org/fact-checks","","https://www.jachai.org/fact-checks/post-3541","বিসিবি না চাইলেও ‘বিদায়’ জানিয়ে দিলেন সাকিব?","আগস্টের ২০ তারিখে Songrami71 নামক একটি বেনামী নিউজ পোর্টাল থেকে “বিসিবি না চাইলেও বিদায় জানিয়ে দিলেন সাকিব” শিরোনামে একটি সংবাদ প্রকাশ করা হয়। বাংলাদেশ ভিত্তিক খেলাধুলা বিষয়ক একাধিক বানামী ফেসবুক পেইজ থেকে এই সংবাদের লিংক শেয়ার করা হয়। Songrami71-এ প্রকাশিত সংবাদটিতে প্রায় সাড়ে ৭ হাজারের মতো লাইক, কমেন্ট ও শেয়ার পায়।","",""
"1691836549-36","https://www.jachai.org/fact-checks","","https://www.jachai.org/fact-checks/post-3591","শিশুর শরীরে হঠাৎ করে গজাচ্ছে ‘পশুর’ লোম?","বিগত কয়েক মাস ধরে সময়সময়ে এই শিরোনামে সংবাদ প্রকাশিত হয়ে আসছে বিভিন্ন বেনামী নিউজপোর্টালে। সংবাদে চাঁপাইনবাবগঞ্জ জেলায় তাসফিয়া নামক সাড়ে তিন বছর বয়সী শিশুর গায়ে ‘পশুর’ লোম উঠছে এমন একটি খবর প্রকাশ করা হয়।","",""
"1691836555-37","https://www.jachai.org/fact-checks","","https://www.jachai.org/fact-checks/post-3663","শেখ হাসিনা বিশ্বের সবচেয়ে নিকৃষ্ট প্রধানমন্ত্রী নির্বাচিত?","মে ৩০, ২০১৮ তারিখে rpolitician.com নামক একটি ব্যক্তিগত ওয়েবসাইট “শেখ হাসিনা কে পৃথিবীর সবচেয়ে নিকৃষ্ট শাসক হিসাবে চিহ্নিত করেছে ‘দ্যা স্ট্যাটিস্টিক্স ইন্টারন্যাশনাল’” — শিরোনামে একটি পোস্ট প্রকাশ করে। প্রায় একই সাথে nationalistview.com নামক আরেকটি ওয়েবসাইটে “দ্য স্ট্যাটিস্টিক্স ইন্টারন্যাশনালে’র রিপোর্ট : শেখ হাসিনা বিশ্বের সবচেয়ে নিকৃষ্ট শাসক” শিরোনামে একটি প্রবন্ধ প্রকাশ করে। নিউজ দুটি হুবহু একই রকম। এগুলোতে বলা হয়—","",""
